BenchmarkBin,DataSetSize,ExecutionDevice,AvgEnergyJ,AvgRuntimeMS
KMEANS,MEDIUM,GPU,4.063670850800001,179.26843399999998
KMEANS,MEDIUM,CPU,22.831881373399995,1013.21994
KMEANS,SMALL,GPU,0.02308743315,3.3296459999999994
KMEANS,SMALL,CPU,0.006246372855,0.353704
KMEANS,LARGE,GPU,20.712728581999997,602.4075599999999
KMEANS,LARGE,CPU,1560.0152769390725,66774.51188399999
