BenchmarkBin,DataSetSize,ExecutionDevice,AvgEnergyJ,AvgRuntimeMS
KMEANS,MEDIUM,GPU,17.909896783949993,653.3531504
KMEANS,MEDIUM,CPU,75.34231250542001,3220.166857200001
KMEANS,LARGE,GPU,25.27731169852,858.0256987999999
KMEANS,LARGE,CPU,147.85690245854002,6259.412947599999
KMEANS,SMALL,GPU,0.023152994790000003,3.4839896
KMEANS,SMALL,CPU,0.008640660925999999,0.4789331999999999
